time,seconds_elapsed,activity
1774789948818000000,0.281999755859375,unknown
1774789953917000000,5.381,walking
1774789967208000000,18.672,walking
1774789971698000000,23.161999755859377,walking
1774789976775000000,28.239,walking
